{
    "textures": {
        "top": "minecraft:blocks/grass_top",
        "side": "minecraft:blocks/grass_side",
        "side_overlay": "minecraft:blocks/grass_side_overlay",
        "dirt": "minecraft:blocks/dirt",
		"particle": "minecraft:blocks/dirt"
    },
    "display": {
        "gui": {
            "rotation": [ 30, 45, 0 ],
            "translation": [ 0, 0, 0 ],
            "scale": [ 0.625, 0.625, 0.625 ]
        },
        "ground": {
            "rotation": [ 0, 0, 0 ],
            "translation": [ 0, 3, 0 ],
            "scale": [ 0.25, 0.25, 0.25 ]
        },
        "fixed": {
            "rotation": [ 0, 180, 0 ],
            "translation": [ 0, 0, 0 ],
            "scale": [ 1, 1, 1 ]
        },
        "head": {
            "rotation": [ 0, 180, 0 ],
            "translation": [ 0, 0, 0 ],
            "scale": [ 1, 1, 1 ]
        },
        "firstperson_righthand": {
            "rotation": [ 0, 315, 0 ],
            "translation": [ 0, 2.5, 0 ],
            "scale": [ 0.4, 0.4, 0.4 ]
        },
        "thirdperson_righthand": {
            "rotation": [ 75, 315, 0 ],
            "translation": [ 0, 2.5, 0 ],
            "scale": [ 0.375, 0.375, 0.375 ]
        }
    },
    "elements": [
        {
            "name": "Bottom",
            "from": [ 0, 0, 0 ], 
            "to": [ 16, 6, 16 ], 
            "faces": {
                "north": { "texture": "#side", "uv": [ 0, 0, 16, 6 ], "cullface": "north" },
                "east": { "texture": "#side", "uv": [ 0, 0, 16, 6 ], "cullface": "east" },
                "south": { "texture": "#side", "uv": [ 0, 0, 16, 6 ], "cullface": "south" },
                "west": { "texture": "#side", "uv": [ 0, 0, 16, 6 ], "cullface": "west" },
                "down": { "texture": "#dirt", "uv": [ 0, 0, 16, 16 ], "cullface": "down" }
            }
        },
        {
            "name": "Top",
            "from": [ 0, 6, 0 ], 
            "to": [ 16, 16, 16 ], 
            "faces": {
                "north": { "texture": "#top", "uv": [ 0, 0, 16, 10 ], "cullface": "north", "tintindex": 1 },
                "east": { "texture": "#top", "uv": [ 0, 0, 16, 10 ], "cullface": "east", "tintindex": 1 },
                "south": { "texture": "#top", "uv": [ 0, 0, 16, 10 ], "cullface": "south", "tintindex": 1 },
                "west": { "texture": "#top", "uv": [ 0, 0, 16, 10 ], "cullface": "west", "tintindex": 1 },
                "up": { "texture": "#top", "uv": [ 0, 0, 16, 16 ], "cullface": "up", "tintindex": 1 }
            }
        },
        {
            "name": "Overlay",
            "from": [ 0, 0, 0 ], 
            "to": [ 16, 6, 16 ], 
            "faces": {
                "north": { "texture": "#side_overlay", "uv": [ 0, 0, 16, 6 ], "cullface": "north", "shade":"false", "tintindex": 1 },
                "east": { "texture": "#side_overlay", "uv": [ 0, 0, 16, 6 ], "cullface": "east", "shade":"false", "tintindex": 1 },
                "south": { "texture": "#side_overlay", "uv": [ 0, 0, 16, 6 ], "cullface": "south", "shade":"false", "tintindex": 1 },
                "west": { "texture": "#side_overlay", "uv": [ 0, 0, 16, 6 ], "cullface": "west", "shade":"false", "tintindex": 1 }
            }
        }
    ]
}